tiêu_đề (*Bắt buộc),giai_đoạn (*Bắt buộc: PRE_PREGNANCY / PREGNANCY / POSTPARTUM),nội_dung (*Bắt buộc),tóm_tắt (Không bắt buộc),danh_mục (Không bắt buộc - Tên danh mục),tên_nguồn (Không bắt buộc),link_nguồn (Không bắt buộc),nhà_xuất_bản (Không bắt buộc)
Khám sức khỏe trước khi mang thai là gì?,PRE_PREGNANCY,"<p>Đây là bước đầu tiên để chuẩn bị cho một thai kỳ khỏe mạnh. Mục tiêu là phát hiện những yếu tố có thể ảnh hưởng đến thai kỳ, vì 8 tuần đầu là giai đoạn các cơ quan chính của thai nhi phát triển.</p>",,Chuẩn bị mang thai,ACOG,https://www.acog.org/womens-health/faqs/good-health-before-pregnancy-prepregnancy-care,American College of Obstetricians and Gynecologists (ACOG)
Điều gì xảy ra trong buổi khám trước khi mang thai?,PRE_PREGNANCY,"<p>Bạn và bác sĩ sản phụ khoa hoặc nhân viên y tế chăm sóc sản khoa sẽ trao đổi về chế độ ăn, lối sống, tiền sử bệnh và gia đình, các thuốc đang dùng và những lần mang thai trước. Bác sĩ cũng xem lại lịch tiêm chủng và trao đổi về nguy cơ nhiễm trùng lây truyền qua đường tình dục (STI) và cách phòng tránh.</p>",,Chuẩn bị mang thai,ACOG,https://www.acog.org/womens-health/faqs/good-health-before-pregnancy-prepregnancy-care,American College of Obstetricians and Gynecologists (ACOG)
Tôi có thể làm gì để khỏe mạnh hơn trước khi mang thai?,PRE_PREGNANCY,"<p>Những tháng trước khi mang thai là thời điểm tốt để cải thiện sức khỏe: ăn uống lành mạnh và dùng vitamin dành cho thai kỳ; tập thể dục đều đặn; đạt và duy trì cân nặng khỏe mạnh; ngừng sử dụng thuốc lá, rượu, cần sa, ma túy bất hợp pháp và thuốc kê đơn dùng không vì mục đích điều trị; đồng thời giữ môi trường sống an toàn.</p>",,Chuẩn bị mang thai,ACOG,https://www.acog.org/womens-health/faqs/good-health-before-pregnancy-prepregnancy-care,American College of Obstetricians and Gynecologists (ACOG)
Có công cụ nào giúp tôi lập kế hoạch ăn uống lành mạnh không?,PRE_PREGNANCY,<p>Có. Một công cụ hữu ích là hướng dẫn lập kế hoạch bữa ăn MyPlate của Bộ Nông nghiệp Hoa Kỳ. Trang MyPlate giúp bạn học cách lựa chọn thực phẩm lành mạnh cho mỗi bữa ăn.</p>,,Chuẩn bị mang thai,ACOG,https://www.acog.org/womens-health/faqs/good-health-before-pregnancy-prepregnancy-care,American College of Obstetricians and Gynecologists (ACOG)
Tôi cần biết gì về cân nặng trước khi mang thai?,PRE_PREGNANCY,"<p>Nếu đang dự định mang thai, bạn nên cố gắng đạt cân nặng khỏe mạnh trước khi có thai. Thiếu cân hoặc thừa cân có thể gây vấn đề trong thai kỳ. Hãy trao đổi với bác sĩ xem cân nặng hiện tại có thể ảnh hưởng đến thai kỳ hay không.</p>",,Chuẩn bị mang thai,ACOG,https://www.acog.org/womens-health/faqs/good-health-before-pregnancy-prepregnancy-care,American College of Obstetricians and Gynecologists (ACOG)
Tôi nên cân nặng bao nhiêu?,PRE_PREGNANCY,"<p>Để duy trì sức khỏe, cân nặng nên phù hợp với chiều cao. Chỉ số khối cơ thể (BMI) được tính từ chiều cao và cân nặng để xác định thiếu cân, cân nặng bình thường, thừa cân hoặc béo phì. BMI dưới 18,5 là thiếu cân; 18,5–24,9 là bình thường; 25–29,9 là thừa cân; từ 30 trở lên là béo phì.</p>",,Chuẩn bị mang thai,ACOG,https://www.acog.org/womens-health/faqs/good-health-before-pregnancy-prepregnancy-care,American College of Obstetricians and Gynecologists (ACOG)
Thừa cân hoặc béo phì có thể gây vấn đề gì trong thai kỳ?,PRE_PREGNANCY,"<p>Thừa cân trong thai kỳ liên quan đến tăng huyết áp, tiền sản giật, sinh non và tiểu đường thai kỳ. Béo phì còn làm tăng nguy cơ thai to, chấn thương khi sinh, sinh mổ và dị tật bẩm sinh, đặc biệt là dị tật ống thần kinh.</p>",,Chuẩn bị mang thai,ACOG,https://www.acog.org/womens-health/faqs/good-health-before-pregnancy-prepregnancy-care,American College of Obstetricians and Gynecologists (ACOG)
Tôi cần biết gì về việc giảm cân?,PRE_PREGNANCY,"<p>Nếu bác sĩ khuyên giảm cân, ngay cả giảm một lượng nhỏ cũng có thể cải thiện sức khỏe tổng thể và tạo nền tảng cho thai kỳ khỏe mạnh hơn. Cách tốt nhất là thay đổi chế độ ăn và tăng hoạt động thể chất. Giảm lượng calo hằng ngày, chẳng hạn tránh đồ uống có đường và kiểm soát khẩu phần, là những bước hữu ích.</p>",,Chuẩn bị mang thai,ACOG,https://www.acog.org/womens-health/faqs/good-health-before-pregnancy-prepregnancy-care,American College of Obstetricians and Gynecologists (ACOG)
Tôi nên tập thể dục bao nhiêu?,PRE_PREGNANCY,"<p>Cố gắng thực hiện 150 phút hoạt động thể chất mức độ vừa mỗi tuần, cùng các bài tập tăng cường cơ ít nhất 2 ngày mỗi tuần. Có thể chia thành các buổi ngắn hơn, chẳng hạn 30 phút trong 5 ngày mỗi tuần.</p>",,Chuẩn bị mang thai,ACOG,https://www.acog.org/womens-health/faqs/good-health-before-pregnancy-prepregnancy-care,American College of Obstetricians and Gynecologists (ACOG)
Thiếu cân có thể gây vấn đề khi mang thai không?,PRE_PREGNANCY,<p>Có. Thiếu cân làm tăng nguy cơ em bé có cân nặng sơ sinh thấp. Trẻ nhẹ cân có nguy cơ gặp vấn đề trong chuyển dạ và sau sinh. Thiếu cân cũng làm tăng nguy cơ sinh non.</p>,,Chuẩn bị mang thai,ACOG,https://www.acog.org/womens-health/faqs/good-health-before-pregnancy-prepregnancy-care,American College of Obstetricians and Gynecologists (ACOG)
Có cách nào tăng cân lành mạnh không?,PRE_PREGNANCY,"<p>Nếu bác sĩ khuyên tăng cân, hãy bắt đầu bằng việc nạp nhiều calo hơn lượng cơ thể tiêu hao qua hoạt động và tập luyện mỗi ngày. Có thể ăn các món ăn nhẹ giàu calo nhưng lành mạnh như các loại hạt, thanh ngũ cốc, thức uống thay thế bữa ăn, sinh tố trái cây và sữa chua.</p>",,Chuẩn bị mang thai,ACOG,https://www.acog.org/womens-health/faqs/good-health-before-pregnancy-prepregnancy-care,American College of Obstetricians and Gynecologists (ACOG)
Tôi có nên bắt đầu dùng vitamin không?,PRE_PREGNANCY,"<p>Có. Nên dùng vitamin dành cho thai kỳ hằng ngày trước khi mang thai và tiếp tục sau khi có thai. Vitamin dành cho thai kỳ chứa các vitamin và khoáng chất cần thiết, trong đó có axit folic và sắt. Bắt đầu dùng trước khi mang thai cũng có thể giúp giảm buồn nôn và nôn.</p>",,Chuẩn bị mang thai,ACOG,https://www.acog.org/womens-health/faqs/good-health-before-pregnancy-prepregnancy-care,American College of Obstetricians and Gynecologists (ACOG)
Tôi nên bổ sung bao nhiêu axit folic?,PRE_PREGNANCY,"<p>Ít nhất 1 tháng trước khi mang thai và trong 12 tuần đầu thai kỳ, nên dùng vitamin dành cho thai kỳ có ít nhất 400 microgam axit folic mỗi ngày. Một số phụ nữ, chẳng hạn từng sinh con bị dị tật ống thần kinh, cần 4 mg axit folic mỗi ngày dưới dạng bổ sung riêng, bắt đầu ít nhất 3 tháng trước khi mang thai và trong 3 tháng đầu. Hãy trao đổi với bác sĩ để xác định bạn có cần liều này hay không.</p>",,Chuẩn bị mang thai,ACOG,https://www.acog.org/womens-health/faqs/good-health-before-pregnancy-prepregnancy-care,American College of Obstetricians and Gynecologists (ACOG)
Tại sao sắt quan trọng trong thai kỳ?,PRE_PREGNANCY,"<p>Cơ thể sử dụng sắt để tạo thêm lượng máu cần thiết cho mẹ và thai nhi trong thai kỳ. Phụ nữ không mang thai cần 18 mg sắt mỗi ngày, còn phụ nữ mang thai cần 27 mg mỗi ngày. Lượng tăng thêm này có trong hầu hết vitamin dành cho thai kỳ.</p>",,Chuẩn bị mang thai,ACOG,https://www.acog.org/womens-health/faqs/good-health-before-pregnancy-prepregnancy-care,American College of Obstetricians and Gynecologists (ACOG)
Làm thế nào để đảm bảo tôi nhận đủ sắt?,PRE_PREGNANCY,"<p>Ngoài việc dùng vitamin dành cho thai kỳ có sắt, hãy ăn thực phẩm giàu sắt như đậu, đậu lăng, ngũ cốc ăn sáng tăng cường sắt, thịt bò, thịt gà tây, gan và tôm. Nên ăn thêm thực phẩm giúp cơ thể hấp thu sắt như nước cam, bưởi, dâu tây, bông cải xanh và ớt.</p>",,Chuẩn bị mang thai,ACOG,https://www.acog.org/womens-health/faqs/good-health-before-pregnancy-prepregnancy-care,American College of Obstetricians and Gynecologists (ACOG)
Tại sao cần ngừng sử dụng các chất gây hại trước khi mang thai?,PRE_PREGNANCY,"<p>Thuốc lá, rượu, cần sa, ma túy bất hợp pháp và thuốc kê đơn dùng không vì mục đích điều trị có thể gây vấn đề nghiêm trọng cho thai kỳ và thai nhi, gồm dị tật bẩm sinh, nhẹ cân khi sinh, sinh non và thai chết lưu. Nếu đang sử dụng, đây là thời điểm nên ngừng và tìm hỗ trợ nếu gặp vấn đề về sử dụng hoặc lệ thuộc chất.</p>",,Chuẩn bị mang thai,ACOG,https://www.acog.org/womens-health/faqs/good-health-before-pregnancy-prepregnancy-care,American College of Obstetricians and Gynecologists (ACOG)
Tôi có thể tìm hỗ trợ để cai/ngừng sử dụng bằng cách nào?,PRE_PREGNANCY,<p>Việc từ bỏ hành vi có hại cần sự hỗ trợ. Bạn có thể nhờ bác sĩ hoặc nhân viên y tế chăm sóc sản khoa hướng dẫn cách vượt qua giai đoạn đầu và giới thiệu các nhóm hỗ trợ.</p>,,Chuẩn bị mang thai,ACOG,https://www.acog.org/womens-health/faqs/good-health-before-pregnancy-prepregnancy-care,American College of Obstetricians and Gynecologists (ACOG)
Bạn đời của tôi có nên ngừng sử dụng chất gây hại không?,PRE_PREGNANCY,"<p>Bạn đời và những người sống cùng bạn không nên hút thuốc gần bạn khi mang thai vì khói thuốc thụ động có thể đưa hóa chất độc hại đến thai nhi và liên quan đến tăng nguy cơ hội chứng đột tử ở trẻ sơ sinh. Nếu có bạn đời nam, người đó nên ngừng các chất gây hại trước khi hai người cố gắng có thai, vì hút thuốc, uống rượu và sử dụng ma túy có thể làm tổn thương tinh trùng và gây ảnh hưởng xấu đến thai nhi.</p>",,Chuẩn bị mang thai,ACOG,https://www.acog.org/womens-health/faqs/good-health-before-pregnancy-prepregnancy-care,American College of Obstetricians and Gynecologists (ACOG)
Tôi cần biết gì về môi trường xung quanh?,PRE_PREGNANCY,"<p>Trước và trong thai kỳ, bạn có thể tiếp xúc với hóa chất tại nơi làm việc, ở nhà hoặc trong cộng đồng. Một số hóa chất như chì, thủy ngân và một số thuốc trừ sâu được biết có thể gây hại cho thai nhi. Một số chất trong nhà hoặc nơi làm việc cũng có thể làm bạn khó mang thai hơn.</p>",,Chuẩn bị mang thai,ACOG,https://www.acog.org/womens-health/faqs/good-health-before-pregnancy-prepregnancy-care,American College of Obstetricians and Gynecologists (ACOG)
Tôi có thể tiếp xúc với chất có hại tại nơi làm việc không?,PRE_PREGNANCY,"<p>Hãy hỏi người sử dụng lao động xem công việc có khiến bạn tiếp xúc với chất độc như chì, thủy ngân, thuốc trừ sâu, dung môi hoặc bức xạ hay không. Bức xạ là một dạng năng lượng phát ra dưới dạng sóng vô hình và được sử dụng trong một số công việc y tế và công nghiệp.</p>",,Chuẩn bị mang thai,ACOG,https://www.acog.org/womens-health/faqs/good-health-before-pregnancy-prepregnancy-care,American College of Obstetricians and Gynecologists (ACOG)
Tôi có được hỏi về bạo lực từ bạn đời không?,PRE_PREGNANCY,"<p>Bác sĩ hoặc nhân viên y tế chăm sóc sản khoa có thể hỏi về mối quan hệ của bạn trong buổi khám trước khi mang thai. Bạo lực từ bạn đời, còn gọi là bạo lực gia đình, có thể gây hại cho bạn và con bạn.</p>",,Chuẩn bị mang thai,ACOG,https://www.acog.org/womens-health/faqs/good-health-before-pregnancy-prepregnancy-care,American College of Obstetricians and Gynecologists (ACOG)
Tôi có thể nhận hỗ trợ như thế nào nếu đang trong mối quan hệ bạo hành?,PRE_PREGNANCY,<p>Bác sĩ hoặc nhân viên y tế chăm sóc sản khoa có thể giúp bạn tìm các nguồn hỗ trợ tại nơi bạn sống. ACOG cũng nêu đường dây National Domestic Violence Hotline hoạt động 24 giờ tại Hoa Kỳ.</p>,,Chuẩn bị mang thai,ACOG,https://www.acog.org/womens-health/faqs/good-health-before-pregnancy-prepregnancy-care,American College of Obstetricians and Gynecologists (ACOG)
Bệnh mạn tính có thể gây vấn đề trong thai kỳ không?,PRE_PREGNANCY,"<p>Có. Một số bệnh như trầm cảm, đái tháo đường, rối loạn ăn uống, tăng huyết áp và rối loạn co giật có thể gây vấn đề trong thai kỳ. Một số bệnh làm tăng nguy cơ dị tật hoặc vấn đề sức khỏe cho thai nhi, trong khi bệnh khác làm tăng nguy cơ cho mẹ. Có bệnh nền không có nghĩa là bạn không thể có thai kỳ và em bé khỏe mạnh; chăm sóc tốt trước khi mang thai có thể giảm rủi ro.</p>",,Chuẩn bị mang thai,ACOG,https://www.acog.org/womens-health/faqs/good-health-before-pregnancy-prepregnancy-care,American College of Obstetricians and Gynecologists (ACOG)
Tôi nên làm gì nếu mắc bệnh mạn tính?,PRE_PREGNANCY,"<p>Bạn có thể cần thay đổi một số điều để kiểm soát bệnh trước khi cố gắng mang thai. Ngay cả khi bệnh được kiểm soát tốt, nhu cầu của thai kỳ vẫn có thể khiến bệnh nặng hơn. Bạn có thể cần thay đổi lối sống, khám bác sĩ thường xuyên hơn hoặc được chăm sóc chuyên khoa trong thai kỳ.</p>",,Chuẩn bị mang thai,ACOG,https://www.acog.org/womens-health/faqs/good-health-before-pregnancy-prepregnancy-care,American College of Obstetricians and Gynecologists (ACOG)
"Tôi có thể dùng thuốc, thảo dược hoặc thực phẩm bổ sung không?",PRE_PREGNANCY,"<p>Một số thuốc, vitamin và thảo dược có thể gây hại cho thai nhi và không nên dùng khi mang thai. Hãy mang tất cả thuốc đang dùng đến buổi khám trước khi mang thai, tốt nhất là mang nguyên chai, hộp hoặc bao bì. Bác sĩ có thể đánh giá mức độ an toàn của chúng trong thai kỳ.</p>",,Chuẩn bị mang thai,ACOG,https://www.acog.org/womens-health/faqs/good-health-before-pregnancy-prepregnancy-care,American College of Obstetricians and Gynecologists (ACOG)
Tôi có nên ngừng thuốc kê đơn đang dùng không?,PRE_PREGNANCY,"<p>Không tự ý ngừng thuốc kê đơn trước khi trao đổi với bác sĩ hoặc nhân viên y tế chăm sóc sản khoa. Một số thuốc có thể làm tăng nguy cơ dị tật, nhưng lợi ích của việc tiếp tục điều trị trong thai kỳ có thể lớn hơn nguy cơ đối với thai nhi.</p>",,Chuẩn bị mang thai,ACOG,https://www.acog.org/womens-health/faqs/good-health-before-pregnancy-prepregnancy-care,American College of Obstetricians and Gynecologists (ACOG)
Ai có nguy cơ mắc STI?,PRE_PREGNANCY,<p>STI là các nhiễm trùng lây qua quan hệ tình dục. Nguy cơ mắc STI cao hơn nếu bạn quan hệ tình dục với nhiều bạn tình hoặc bạn tình của bạn quan hệ với người khác.</p>,,Chuẩn bị mang thai,ACOG,https://www.acog.org/womens-health/faqs/good-health-before-pregnancy-prepregnancy-care,American College of Obstetricians and Gynecologists (ACOG)
Tôi nên làm gì nếu nghi ngờ mình mắc STI?,PRE_PREGNANCY,"<p>Nếu bạn hoặc bạn tình có thể mắc STI, hãy xét nghiệm và điều trị ngay. Bạn tình cũng có thể cần điều trị. Cả hai không nên quan hệ tình dục cho đến khi hoàn tất điều trị.</p>",,Chuẩn bị mang thai,ACOG,https://www.acog.org/womens-health/faqs/good-health-before-pregnancy-prepregnancy-care,American College of Obstetricians and Gynecologists (ACOG)
Tôi có nên xét nghiệm HIV không?,PRE_PREGNANCY,"<p>Có. Tất cả phụ nữ nên được xét nghiệm HIV. HIV chưa có cách chữa khỏi, nhưng biết tình trạng HIV giúp bạn đưa ra quyết định quan trọng về thai kỳ và tìm hiểu các phương án điều trị có thể làm giảm khả năng truyền HIV cho thai nhi.</p>",,Chuẩn bị mang thai,ACOG,https://www.acog.org/womens-health/faqs/good-health-before-pregnancy-prepregnancy-care,American College of Obstetricians and Gynecologists (ACOG)
Tôi cần biết gì về tiêm chủng trước khi mang thai?,PRE_PREGNANCY,<p>Một số nhiễm trùng trong thai kỳ có thể gây dị tật hoặc biến chứng thai kỳ. Nhiều nhiễm trùng có thể phòng ngừa bằng vaccine. Tốt nhất nên hoàn thành các vaccine được khuyến nghị theo độ tuổi trước khi cố gắng mang thai vì một số vaccine không thể tiêm trong thai kỳ. Hai vaccine đặc biệt quan trọng là vaccine cúm và Tdap; cả hai đều an toàn trong thai kỳ.</p>,,Chuẩn bị mang thai,ACOG,https://www.acog.org/womens-health/faqs/good-health-before-pregnancy-prepregnancy-care,American College of Obstetricians and Gynecologists (ACOG)
Tôi từng gặp vấn đề ở lần mang thai trước — liệu lần này có lặp lại không?,PRE_PREGNANCY,"<p>Một số vấn đề như sinh non, tăng huyết áp, tiền sản giật và tiểu đường thai kỳ có thể làm tăng nguy cơ lặp lại ở lần mang thai sau. Tuy nhiên, từng gặp vấn đề trước đây không có nghĩa chắc chắn sẽ tái diễn, đặc biệt nếu được chăm sóc đúng cách trước và trong thai kỳ. Bác sĩ sẽ hỏi về các biến chứng của những lần mang thai trước.</p>",,Chuẩn bị mang thai,ACOG,https://www.acog.org/womens-health/faqs/good-health-before-pregnancy-prepregnancy-care,American College of Obstetricians and Gynecologists (ACOG)
Chăm sóc trước sinh là gì?,PREGNANCY,"<p>Chăm sóc trước sinh là việc bạn được chăm sóc sức khỏe trong thời gian mang thai, bao gồm khám và theo dõi sức khỏe, cung cấp thông tin và tư vấn. Bắt đầu chăm sóc trước sinh càng sớm thì cơ hội có một thai kỳ và em bé khỏe mạnh càng cao.</p>",,Chăm sóc thai kỳ,ACOG,https://www.acog.org/womens-health/faqs/having-a-baby,American College of Obstetricians and Gynecologists (ACOG)
Khi nào tôi nên bắt đầu chăm sóc trước sinh?,PREGNANCY,"<p>Ngay khi nghĩ rằng mình có thể mang thai, bạn nên liên hệ với nhân viên y tế để đặt lịch khám. Nếu cần hỗ trợ để tiếp cận dịch vụ chăm sóc trước sinh, bạn có thể trao đổi với bác sĩ, điều dưỡng hoặc nhân viên tư vấn.</p>",,Chăm sóc thai kỳ,ACOG,https://www.acog.org/womens-health/faqs/having-a-baby,American College of Obstetricians and Gynecologists (ACOG)
Lần khám thai đầu tiên có thể diễn ra như thế nào?,PREGNANCY,"<p>Trong lần khám đầu tiên, bạn sẽ trao đổi với nhân viên y tế và nên trả lời các câu hỏi trung thực, đầy đủ. Bạn có thể được hỏi ngày đầu tiên của kỳ kinh cuối để tính số tuần thai và ước tính ngày dự sinh. Bạn cũng có thể được khám sức khỏe tổng quát, có thể gồm khám vùng chậu, xét nghiệm nước tiểu, máu và một số bệnh lây truyền qua đường tình dục.</p>",,Chăm sóc thai kỳ,ACOG,https://www.acog.org/womens-health/faqs/having-a-baby,American College of Obstetricians and Gynecologists (ACOG)
Những lần khám thai tiếp theo sẽ diễn ra như thế nào?,PREGNANCY,"<p>Khi thai kỳ tiến triển, bạn sẽ cần đến cơ sở y tế thường xuyên hơn. Nhân viên y tế sẽ theo dõi sức khỏe của bạn và thai nhi. Bạn có thể đặt câu hỏi về bất kỳ điều gì khiến mình lo lắng. Không phải lần khám nào cũng cần khám vùng chậu, trừ khi có biến chứng hoặc lý do y tế cần kiểm tra.</p>",,Chăm sóc thai kỳ,ACOG,https://www.acog.org/womens-health/faqs/having-a-baby,American College of Obstetricians and Gynecologists (ACOG)
Lớp học tiền sản là gì?,PREGNANCY,"<p>Lớp học tiền sản giúp bạn tìm hiểu về thai kỳ, sinh con, cho con bú và việc trở thành cha mẹ. Một số lớp còn hướng dẫn cách cho bé ăn, thay tã, tắm cho bé và giữ bé khỏe mạnh, an toàn.</p>",,Chăm sóc thai kỳ,ACOG,https://www.acog.org/womens-health/faqs/having-a-baby,American College of Obstetricians and Gynecologists (ACOG)
Tôi có thể làm gì để có một thai kỳ khỏe mạnh?,PREGNANCY,"<p>Hãy ăn uống lành mạnh, tập thể dục thường xuyên và nghỉ ngơi đầy đủ. Nên tránh rượu, thuốc lá, cần sa và ma túy bất hợp pháp. Hãy trao đổi với nhân viên y tế về tất cả thuốc đang dùng, bao gồm thuốc kê đơn, vitamin và thuốc giảm đau không kê đơn.</p>",,Chăm sóc thai kỳ,ACOG,https://www.acog.org/womens-health/faqs/having-a-baby,American College of Obstetricians and Gynecologists (ACOG)
Tại sao ăn uống lành mạnh lại quan trọng khi mang thai?,PREGNANCY,"<p>Ăn uống lành mạnh giúp duy trì sức khỏe của mẹ và hỗ trợ thai nhi phát triển. ACOG giới thiệu MyPlate để lập kế hoạch ăn uống cân bằng; khoảng một nửa đĩa ăn nên là rau củ và trái cây, phần còn lại gồm ngũ cốc và thực phẩm giàu protein, cùng lượng phù hợp thực phẩm từ nhóm sữa.</p>",,Chăm sóc thai kỳ,ACOG,https://www.acog.org/womens-health/faqs/having-a-baby,American College of Obstetricians and Gynecologists (ACOG)
Có những thực phẩm nào tôi không nên ăn?,PREGNANCY,"<p>Trong thai kỳ nên tránh hoặc hạn chế một số thực phẩm. Tránh cá có hàm lượng thủy ngân cao như cá ngừ mắt to, cá thu vua, cá cờ, cá cam nhám, cá mập, cá kiếm và cá ngói. Cá ngừ trắng/albacore nên giới hạn khoảng 6 ounce mỗi tuần. Nên giới hạn caffeine dưới 200 mg mỗi ngày. Tránh cá sống, sữa và phô mai chưa tiệt trùng. Hot dog và thịt nguội nên được làm nóng đến khi nóng bốc hơi trước khi ăn. Cá đã nấu chín an toàn vẫn là nguồn dưỡng chất có lợi cho thai kỳ.</p>",,Chăm sóc thai kỳ,ACOG,https://www.acog.org/womens-health/faqs/having-a-baby,American College of Obstetricians and Gynecologists (ACOG)
Tôi nên tăng bao nhiêu cân khi mang thai?,PREGNANCY,<p>Mức tăng cân phụ thuộc vào cân nặng trước khi mang thai. Theo thông tin ACOG nêu: người thiếu cân có thể cần tăng khoảng 28–40 lb; người có cân nặng bình thường 25–35 lb; người thừa cân 15–25 lb; người béo phì 11–20 lb. Bác sĩ sẽ theo dõi cân nặng trong các lần khám và có thể điều chỉnh mục tiêu theo tình trạng cụ thể.</p>,,Chăm sóc thai kỳ,ACOG,https://www.acog.org/womens-health/faqs/having-a-baby,American College of Obstetricians and Gynecologists (ACOG)
Những vitamin nào cần thiết khi mang thai?,PREGNANCY,"<p>Axit folic, thuộc nhóm vitamin B, đặc biệt quan trọng. Bổ sung đủ axit folic trước và trong thai kỳ có thể giúp giảm nguy cơ dị tật nghiêm trọng ở não và cột sống của thai nhi. ACOG nêu mức 600 microgam axit folic mỗi ngày trong thai kỳ. Sắt cũng quan trọng vì cơ thể cần thêm sắt để tạo máu vận chuyển oxy cho thai nhi.</p>",,Chăm sóc thai kỳ,ACOG,https://www.acog.org/womens-health/faqs/having-a-baby,American College of Obstetricians and Gynecologists (ACOG)
Làm thế nào để bổ sung đủ vitamin cần thiết trong thai kỳ?,PREGNANCY,"<p>Một cách là sử dụng vitamin dành cho thai kỳ (prenatal vitamins). Trong lần khám thai đầu tiên, hãy cho nhân viên y tế biết tất cả vitamin và thực phẩm bổ sung đang sử dụng. Không nên tự bổ sung quá nhiều vì một số vitamin nếu dùng quá mức có thể gây hại.</p>",,Chăm sóc thai kỳ,ACOG,https://www.acog.org/womens-health/faqs/having-a-baby,American College of Obstetricians and Gynecologists (ACOG)
Tại sao tập thể dục lại quan trọng khi mang thai?,PREGNANCY,"<p>Tập thể dục có thể giúp tăng năng lượng, giảm một số khó chịu trong thai kỳ và giúp cơ thể khỏe hơn để chuẩn bị cho chuyển dạ và sinh con. Nếu trước đây không tập thể dục, hãy bắt đầu với vài phút mỗi ngày rồi tăng dần. Đi bộ, yoga và bơi là một số hình thức vận động tương đối an toàn, nhưng nên hỏi nhân viên y tế trước khi bắt đầu chương trình tập luyện.</p>",,Chăm sóc thai kỳ,ACOG,https://www.acog.org/womens-health/faqs/having-a-baby,American College of Obstetricians and Gynecologists (ACOG)
Cảm thấy mệt khi mang thai có bình thường không?,PREGNANCY,"<p>Có. Mệt mỏi thường gặp trong giai đoạn đầu và cuối thai kỳ. Hãy nghỉ ngơi đầy đủ. ACOG khuyến nghị cơ thể cần khoảng 8–10 giờ ngủ mỗi đêm trong thai kỳ. Khi mệt vào ban ngày, hãy nghỉ ngơi. Tập thể dục và ăn uống lành mạnh cũng có thể giúp cải thiện năng lượng.</p>",,Chăm sóc thai kỳ,ACOG,https://www.acog.org/womens-health/faqs/having-a-baby,American College of Obstetricians and Gynecologists (ACOG)
Tôi có thể dùng thuốc khi mang thai không?,PREGNANCY,"<p>Một số phụ nữ cần dùng thuốc trong thai kỳ để bảo vệ sức khỏe của mẹ hoặc thai nhi. Hãy thông báo cho nhân viên y tế về tất cả thuốc kê đơn đang dùng. Trước khi dùng thuốc không kê đơn, thảo dược, vitamin hoặc khoáng chất, cũng nên hỏi nhân viên y tế. Không tự ý ngừng thuốc kê đơn trước khi trao đổi với nhân viên y tế.</p>",,Chăm sóc thai kỳ,ACOG,https://www.acog.org/womens-health/faqs/having-a-baby,American College of Obstetricians and Gynecologists (ACOG)
"Rượu, thuốc lá, cần sa hoặc ma túy có thể gây hại cho thai kỳ không?",PREGNANCY,"<p>Có. Uống rượu, hút hoặc vape thuốc lá/cần sa và sử dụng các loại ma túy khác có thể gây hại cho mẹ và thai kỳ. Vape không được xem là an toàn hơn hút thuốc. ACOG không khuyến nghị sử dụng cần sa dưới bất kỳ hình thức nào trong thai kỳ. Nếu muốn ngừng nhưng gặp khó khăn, hãy nói với nhân viên y tế để được hỗ trợ.</p>",,Chăm sóc thai kỳ,ACOG,https://www.acog.org/womens-health/faqs/having-a-baby,American College of Obstetricians and Gynecologists (ACOG)
Mang thai ở tuổi vị thành niên có những nguy cơ đặc biệt nào?,PREGNANCY,"<p>Phụ nữ mang thai ở tuổi vị thành niên có nguy cơ cao hơn đối với một số vấn đề như tăng huyết áp, thiếu máu và sinh non. Nguy cơ có thể cao hơn ở người dưới 15 tuổi hoặc người không được chăm sóc trước sinh. Thanh thiếu niên cũng có nguy cơ mắc STI cao hơn và nên đi xét nghiệm nếu nghi ngờ mắc STI.</p>",,Chăm sóc thai kỳ,ACOG,https://www.acog.org/womens-health/faqs/having-a-baby,American College of Obstetricians and Gynecologists (ACOG)
"Sau khi em bé chào đời, tôi có thể cần hỗ trợ những gì?",POSTPARTUM,"<p>Em bé cần được chăm sóc liên tục và bạn có thể ít thời gian cho những việc trước đây, đồng thời cảm thấy mệt mỏi hoặc cô đơn. Chuẩn bị trước và có người hỗ trợ sẽ giúp thích nghi dễ hơn. Nên chuẩn bị về chi phí cho nhà ở, thức ăn, quần áo, tã, chăm sóc y tế, ghế ô tô, xe đẩy và dịch vụ chăm trẻ.</p>",,Chăm sóc sau sinh,ACOG,https://www.acog.org/womens-health/faqs/having-a-baby,American College of Obstetricians and Gynecologists (ACOG)
Tôi lo cho sự an toàn của mình trong thai kỳ. Tôi nên làm gì?,POSTPARTUM,"<p>Nếu lo rằng ai đó có thể làm hại mình khi biết bạn mang thai, hoặc bạn có ý nghĩ làm hại bản thân, hãy nói với nhân viên y tế, tư vấn viên hoặc một người lớn mà bạn tin tưởng. Nếu mang thai do quan hệ tình dục không mong muốn, hãy tìm sự hỗ trợ từ nhân viên y tế hoặc người đáng tin cậy.</p>",,Chăm sóc sau sinh,ACOG,https://www.acog.org/womens-health/faqs/having-a-baby,American College of Obstetricians and Gynecologists (ACOG)
Nếu tôi lựa chọn cho con làm con nuôi thì sao?,POSTPARTUM,"<p>Nếu cho con làm con nuôi, trẻ sẽ có cha mẹ hợp pháp mới và giấy khai sinh mới có tên cha mẹ mới. Bạn có thể thực hiện việc này khi vẫn đang mang thai hoặc sau khi em bé được sinh ra. Nếu quan tâm, có thể trao đổi với nhân viên y tế hoặc nhân viên xã hội.</p>",,Chăm sóc sau sinh,ACOG,https://www.acog.org/womens-health/faqs/having-a-baby,American College of Obstetricians and Gynecologists (ACOG)
Tôi có những lựa chọn nào để cho em bé ăn?,POSTPARTUM,"<p>Có nhiều lựa chọn: cho bé bú trực tiếp, vắt sữa mẹ rồi cho bé uống bằng bình, dùng sữa công thức hoặc kết hợp nhiều phương pháp. Không có một lựa chọn duy nhất phù hợp với tất cả mọi người; việc cho bé ăn nên phù hợp và thoải mái cho cả mẹ và bé.</p>",,Chăm sóc sau sinh,ACOG,https://www.acog.org/womens-health/faqs/having-a-baby,American College of Obstetricians and Gynecologists (ACOG)
Tôi cần biết gì về việc cho con bú?,POSTPARTUM,"<p>Sữa mẹ có nhiều lợi ích cho mẹ và bé, giúp bé chống lại một số bệnh và dị ứng. Những tuần đầu có thể không dễ dàng và mẹ cùng bé có thể cần thời gian để học cách bú. Dấu hiệu bé có thể nhận đủ sữa gồm bé bình tĩnh sau khi bú, đi tiểu và tăng trưởng. Nếu gặp khó khăn, hãy trao đổi với nhân viên y tế để được hỗ trợ. Khi đi học hoặc đi làm, bạn vẫn có thể vắt và bảo quản sữa mẹ để cho bé dùng.</p>",,Chăm sóc sau sinh,ACOG,https://www.acog.org/womens-health/faqs/having-a-baby,American College of Obstetricians and Gynecologists (ACOG)
Sau khi sinh tôi vẫn cần đi khám bác sĩ không?,POSTPARTUM,"<p>Có. Bạn vẫn cần được chăm sóc sau sinh, tốt nhất là có nhiều lần thăm khám thay vì chỉ một lần. Các lần khám giúp kiểm tra cơ thể đang hồi phục tốt không và theo dõi sức khỏe lâu dài sau thai kỳ.</p>",,Chăm sóc sau sinh,ACOG,https://www.acog.org/womens-health/faqs/having-a-baby,American College of Obstetricians and Gynecologists (ACOG)
Khi nào tôi nên đi khám sau khi sinh?,POSTPARTUM,"<p>ACOG khuyến nghị có nhiều lần chăm sóc sau sinh, gồm một lần khám trong 3 tuần đầu sau sinh và một lần khám hậu sản toàn diện không muộn hơn 12 tuần sau sinh. Đây cũng là thời điểm thích hợp để trao đổi về sức khỏe, cho con bú, tránh thai, giảm cân, quan hệ tình dục và cảm xúc, tâm lý.</p>",,Chăm sóc sau sinh,ACOG,https://www.acog.org/womens-health/faqs/having-a-baby,American College of Obstetricians and Gynecologists (ACOG)
Tôi có những lựa chọn tránh thai nào sau sinh?,POSTPARTUM,"<p>Có nhiều phương pháp tránh thai sau sinh như thuốc tránh thai, que cấy tránh thai và vòng tránh thai (IUD). Nhiều phương pháp có thể bắt đầu ngay sau khi sinh. Có thể trao đổi với nhân viên y tế về lựa chọn phù hợp và quyết định phương pháp trước khi sinh. Có thể mang thai trở lại sớm nhất khoảng 4 tuần sau sinh. Bao cao su cũng giúp bảo vệ khỏi STI.</p>",,Chăm sóc sau sinh,ACOG,https://www.acog.org/womens-health/faqs/having-a-baby,American College of Obstetricians and Gynecologists (ACOG)
Sau khi sinh tôi có thể tiếp tục đi học không?,POSTPARTUM,"<p>Có. ACOG khuyến khích tiếp tục kế hoạch học tập. Hoàn thành việc học có thể giúp tăng cơ hội việc làm và tạo điều kiện tốt hơn cho mẹ và em bé. Có thể tìm các chương trình cộng đồng hỗ trợ đưa đón, chăm trẻ, học tại nhà hoặc hỗ trợ học tập.</p>",,Chăm sóc sau sinh,ACOG,https://www.acog.org/womens-health/faqs/having-a-baby,American College of Obstetricians and Gynecologists (ACOG)
Những triệu chứng nào là bình thường sau sinh?,POSTPARTUM,"<p>Sau khi sinh, cơ thể cần thời gian để hồi phục. Một số triệu chứng thường gặp gồm chảy máu âm đạo, đau quặn hoặc co hồi tử cung, đau lưng/cổ/khớp, đau vùng tầng sinh môn, đau quanh vết mổ nếu sinh mổ, ngực sưng/căng, vấn đề về bàng quang, vấn đề về đại tiện và bệnh trĩ.</p>",,Đau và hồi phục sau sinh,ACOG,https://www.acog.org/womens-health/faqs/postpartum-pain-management,American College of Obstetricians and Gynecologists (ACOG)
Đau sau sinh kéo dài bao lâu?,POSTPARTUM,"<p>Thời gian, mức độ và loại triệu chứng sau sinh khác nhau ở mỗi người. Một số triệu chứng có thể chỉ kéo dài vài ngày, trong khi những triệu chứng khác có thể kéo dài vài tuần.</p>",,Đau và hồi phục sau sinh,ACOG,https://www.acog.org/womens-health/faqs/postpartum-pain-management,American College of Obstetricians and Gynecologists (ACOG)
Tôi có thể làm gì để giảm đau sau sinh?,POSTPARTUM,"<p>Có nhiều cách kiểm soát đau, gồm biện pháp tự chăm sóc, thuốc giảm đau không kê đơn và thuốc kê đơn. Nên trao đổi với bác sĩ sản phụ khoa về các lựa chọn giảm đau trước khi xuất viện.</p>",,Đau và hồi phục sau sinh,ACOG,https://www.acog.org/womens-health/faqs/postpartum-pain-management,American College of Obstetricians and Gynecologists (ACOG)
Khi nào tôi cần gọi bác sĩ hoặc cấp cứu?,POSTPARTUM,"<p>Cần cấp cứu ngay nếu có đau ngực, ho hoặc khó thở nghiêm trọng, co giật, ý nghĩ làm hại bản thân hoặc em bé, đau dữ dội vùng bụng dưới, hoặc đau/sưng chân kèm đau khi chạm vào. Gọi bác sĩ sản phụ khoa ngay nếu có đau đầu không giảm hoặc đau đầu dữ dội kèm thay đổi thị lực, sốt trên 38°C, buồn nôn/nôn kéo dài, đau hoặc rát khi tiểu nghiêm trọng hoặc kéo dài, chảy máu nhiều, vú có vệt đỏ hoặc cục đau mới, đau vết rạch/vết mổ tăng lên, vết mổ đỏ hoặc có dịch, dịch âm đạo có mùi hôi, hoặc cảm giác tuyệt vọng kéo dài hơn 10 ngày sau sinh.</p>",,Đau và hồi phục sau sinh,ACOG,https://www.acog.org/womens-health/faqs/postpartum-pain-management,American College of Obstetricians and Gynecologists (ACOG)
Thuốc giảm đau nào an toàn khi đang cho con bú?,POSTPARTUM,"<p>Ibuprofen thường là lựa chọn đầu tiên khi đang cho con bú vì chỉ một lượng nhỏ đi vào sữa mẹ. Acetaminophen cũng có thể được sử dụng. Nếu cần lựa chọn khác hoặc kết hợp nhiều thuốc giảm đau, hãy trao đổi với bác sĩ. Trong một số trường hợp, bác sĩ có thể kê opioid nhẹ với liều thấp trong thời gian ngắn.</p>",,Đau và hồi phục sau sinh,ACOG,https://www.acog.org/womens-health/faqs/postpartum-pain-management,American College of Obstetricians and Gynecologists (ACOG)
Cách giảm đau do co hồi tử cung hoặc “đau hậu sản” tốt nhất là gì?,POSTPARTUM,"<p>Sau sinh, tử cung co lại để trở về kích thước bình thường. Cơn co có thể giống đau bụng kinh hoặc cơn co chuyển dạ, thường rõ hơn ở người đã từng sinh và trong những ngày đầu cho con bú. Có thể chườm ấm lên bụng. Nếu cần thuốc giảm đau không kê đơn, ibuprofen có thể hiệu quả hơn acetaminophen.</p>",,Đau và hồi phục sau sinh,ACOG,https://www.acog.org/womens-health/faqs/postpartum-pain-management,American College of Obstetricians and Gynecologists (ACOG)
"Tôi nên làm gì nếu bị đau lưng, cổ hoặc khớp?",POSTPARTUM,"<p>Hãy trao đổi với bác sĩ. Đau có thể liên quan đến căng cơ lưng, cơ bụng yếu hoặc thay đổi hormone trong và sau thai kỳ. Bác sĩ có thể đề nghị vật lý trị liệu. Có thể dùng túi chườm ấm, thuốc giảm đau không kê đơn phù hợp, học tư thế cho con bú đúng, dùng gối đỡ cánh tay, giữ lưng được hỗ trợ và tránh cúi đầu nhìn xuống quá lâu khi cho bú.</p>",,Đau và hồi phục sau sinh,ACOG,https://www.acog.org/womens-health/faqs/postpartum-pain-management,American College of Obstetricians and Gynecologists (ACOG)
Tôi nên làm gì nếu bị đau do rách tầng sinh môn hoặc rạch tầng sinh môn?,POSTPARTUM,"<p>Vùng tầng sinh môn có thể sưng và đau trong vài tuần. Nếu bị rách hoặc rạch, đau có thể nhiều hơn và lâu lành hơn. Có thể chườm lạnh 10–20 phút mỗi lần, đặc biệt trong 24–72 giờ đầu; dùng witch hazel; dùng ibuprofen; ngồi trên gối hoặc đệm phù hợp; ngâm vùng dưới trong nước ấm; dùng bình bóp chứa nước ấm để làm sạch khi đi vệ sinh; và cho con bú nằm nghiêng nếu thoải mái hơn. Có thể hỏi bác sĩ về thuốc xịt/kem gây tê hoặc thuốc làm mềm phân.</p>",,Đau và hồi phục sau sinh,ACOG,https://www.acog.org/womens-health/faqs/postpartum-pain-management,American College of Obstetricians and Gynecologists (ACOG)
Tôi nên làm gì nếu bị đau vết mổ?,POSTPARTUM,"<p>Nếu sinh mổ, vết mổ ở bụng có thể đau trong vài tuần. Có thể giảm đau bằng thuốc theo hướng dẫn của bác sĩ, chườm ấm, dùng đai bụng nếu phù hợp và chọn tư thế cho con bú ít tạo áp lực lên vết mổ. Hỏi bác sĩ về thuốc giảm đau phù hợp nếu đang cho con bú.</p>",,Đau và hồi phục sau sinh,ACOG,https://www.acog.org/womens-health/faqs/postpartum-pain-management,American College of Obstetricians and Gynecologists (ACOG)
Cách giảm đau do ngực sưng/căng tốt nhất là gì?,POSTPARTUM,"<p>Khi sữa bắt đầu về, ngực có thể căng, cứng và đau, gọi là căng sữa. Nếu cho con bú, cho bé bú thường xuyên hơn có thể giúp giảm căng và đau; chườm lạnh cũng có thể giúp. Nếu không cho con bú, áo ngực vừa khít có thể giúp cơ thể giảm sản xuất sữa sớm hơn. Đau núm vú khi cho con bú cũng có thể gặp và thường cải thiện khi kỹ thuật cho bú đúng.</p>",,Đau và hồi phục sau sinh,ACOG,https://www.acog.org/womens-health/faqs/postpartum-pain-management,American College of Obstetricians and Gynecologists (ACOG)
Tôi nên làm gì nếu đi tiểu bị đau?,POSTPARTUM,"<p>Trong những ngày đầu sau sinh thường, bạn có thể khó tiểu và cảm thấy đau hoặc nóng rát. Có thể thử ngâm vùng dưới trong nước ấm, dùng bình bóp xịt nước ấm lên vùng sinh dục khi đi vệ sinh, mở vòi nước khi đang ở nhà vệ sinh và uống đủ nước.</p>",,Đau và hồi phục sau sinh,ACOG,https://www.acog.org/womens-health/faqs/postpartum-pain-management,American College of Obstetricians and Gynecologists (ACOG)
Tôi nên làm gì nếu bị táo bón hoặc đầy hơi gây đau?,POSTPARTUM,"<p>Trong vài ngày đầu sau sinh, đi đại tiện có thể khó khăn và bạn có thể sợ đi ngoài vì đau do trĩ hoặc vết rách tầng sinh môn. Có thể uống nhiều nước, đi bộ nhẹ trong thời gian ngắn khi cơ thể cho phép, ăn thực phẩm giàu chất xơ và hỏi bác sĩ về thuốc làm mềm phân hoặc thuốc nhuận tràng nếu cần.</p>",,Đau và hồi phục sau sinh,ACOG,https://www.acog.org/womens-health/faqs/postpartum-pain-management,American College of Obstetricians and Gynecologists (ACOG)
Tôi nên làm gì nếu bị bệnh trĩ?,POSTPARTUM,"<p>Nếu từng bị giãn tĩnh mạch vùng âm hộ hoặc bệnh trĩ trong thai kỳ, tình trạng có thể nặng hơn sau sinh. Trĩ cũng có thể xuất hiện lần đầu do rặn nhiều khi chuyển dạ. Có thể dùng thuốc xịt hoặc thuốc bôi phù hợp, chườm lạnh bằng witch hazel, ngâm nước ấm và áp dụng các biện pháp giảm sưng/ngứa. Rặn mạnh khi đi đại tiện có thể làm trĩ nặng hơn; hãy hỏi bác sĩ về thuốc làm mềm phân nếu cần.</p>",,Đau và hồi phục sau sinh,ACOG,https://www.acog.org/womens-health/faqs/postpartum-pain-management,American College of Obstetricians and Gynecologists (ACOG)
